Q,omega,I,dI,Tr,Ki,Kf,Im,I-Im,S,dS
0.5,-10.495,0.0031800000000000005,0.0007887965517166007,0.85,5.345548621431332,5.8,0.001527905410269491,0.0019224420294777522,0.002431604149560009,0.001082530985252
0.5,-9.9807,0.0036799999999999997,0.0007533923280734945,0.85,5.368715132031321,5.8,0.0015835955265084507,0.002392029827993126,0.0030382919247194605,0.0010338123948676733
0.5,-9.4902,0.0038599999999999997,0.0006832276341015488,0.85,5.390716825075825,5.8,0.0016389025945727712,0.002514162893092701,0.0032094905082427584,0.000938403419611146
0.5,-8.9934,0.00327,0.0006040695324215583,0.85,5.412909949485062,5.8,0.0016965082331180774,0.0018073372357695512,0.002320654688590714,0.0008311041472814886
0.5,-8.4901,0.00333,0.0006025777958073131,0.85,5.43530103972051,5.8,0.001755069399785301,0.0017983676332061875,0.0023143607162666702,0.0008275039710049704
0.5,-7.9804,0.0048,0.0006318227599572526,0.85,5.457883237986026,5.8,0.0018148271994136115,0.003286051435409114,0.0042552896015314225,0.0008694683638339051
0.5,-7.4965,0.0050799999999999994,0.0005134199061197374,0.85,5.479236247739681,5.8,0.0018746804508941962,0.003502711336538699,0.004553235412979365,0.0007064743966918936
0.5,-6.9738,0.00477,0.0006838859554048467,0.85,5.502208282298462,5.8,0.0019462207882375055,0.003081942192979729,0.004023323104320841,0.0009410984863764909
0.5,-6.4775,0.004869999999999999,0.000604400529450463,0.85,5.523931652749835,5.8,0.0020219383423524754,0.003091448602965545,0.004052579350397589,0.0008319055657638715
0.5,-5.9751,0.00511,0.0006402343321003646,0.85,5.545835357841605,5.8,0.002106560260907556,0.0032376301247830272,0.0042600487533743965,0.0008810231443746849
0.5,-5.5006,0.0069299999999999995,0.0005967411499134277,0.85,5.566443532064787,5.8,0.0021956037636731785,0.005025164715961545,0.006638278501495265,0.0008213747342225808
0.5,-4.986,0.00703,0.000740337760755184,0.85,5.588707407518683,5.8,0.002307149200807204,0.004988634426216339,0.006605578121652508,0.0010173623823800978
0.5,-4.5,0.00679,0.0006809552114493287,0.85,5.609652788766719,5.8,0.0024340109635682364,0.004586387888721179,0.006100908966545151,0.0009365572348196936
0.5,-3.9729,0.007030000000000001,0.0007667463726683029,0.85,5.632281426494318,5.8,0.002611132460897309,0.0046282074996733084,0.006182678344770035,0.0010547734944065315
0.5,-3.4749,0.0077599999999999995,0.0008994442728707543,0.85,5.653577579356471,5.8,0.0028453981408956,0.005115578668610413,0.006861056301184681,0.0012375852189446934
0.5,-2.9711,0.0096,0.0009370165420097983,0.85,5.675040442814105,5.8,0.003206386538970009,0.006604997284823453,0.008888638796210544,0.0012887506744301014
0.5,-2.4979,0.015049999999999997,0.0010670051546267244,0.85,5.695126021374836,5.8,0.003751008116465762,0.011576132963886956,0.015691984640323772,0.0014730094748781225
0.5,-1.9825,0.02727,0.0014484819639885062,0.85,5.716922545174349,5.8,0.004723322385394773,0.02294296113518709,0.03121279864141453,0.001999226585690439
0.5,-1.4984,0.059609999999999996,0.0020748252938500625,0.85,5.737319960645979,5.8,0.00608185598694978,0.05417938138023942,0.07380241502778098,0.0028571759666645435
0.5,-0.971,0.13184,0.0031004515800121765,0.85,5.759459590440239,5.8,0.007861864601066094,0.12490614739596755,0.17111258686173803,0.004277296487840835
0.5,-0.4756,0.20931,0.003765780131659309,0.85,5.780178659631022,5.8,0.00922718356962253,0.20080058053369249,0.27566497565576176,0.005187502485069965
0.5,0.0254,0.24020000000000002,0.0038758482942447578,0.85,5.801056677843229,5.8,0.009619648791012696,0.23053659814259977,0.3178388654750658,0.00534262603656281
0.5,0.532,0.20982,0.003620441961970942,0.85,5.8220919351038205,5.8,0.008812050089337095,0.20021178765916436,0.27696794319933415,0.004989423714918937
0.5,1.0047,0.1365,0.002952795285826635,0.85,5.841651270141428,5.8,0.007401311608785061,0.12812543646100047,0.17815165218076567,0.004076431995337167
0.5,1.5223,0.06656,0.002136492452596077,0.85,5.8629936309755255,5.8,0.005844679449011536,0.06000018143577961,0.08341605752515786,0.0029383737155629147
0.5,2.0054,0.02755,0.0013428700607281405,0.85,5.882843584434443,5.8,0.0047722535703589725,0.022389780861899636,0.03131902564780339,0.001851966314644888
0.5,2.5345,0.011779999999999999,0.0009862048468751306,0.85,5.904507052931712,5.8,0.00405905241188715,0.007512447018548061,0.010526216660169759,0.0013573828668091785
0.5,3.0283,0.00947,0.0007715568676384132,0.85,5.9246537373481,5.8,0.003684192672309892,0.005586560089789096,0.007870310266123382,0.0010640948483583428
0.5,3.5273,0.009349999999999999,0.0007916438593205911,0.85,5.944943221535781,5.8,0.003462734956828368,0.005659303383849094,0.007996825730092715,0.001091351840913869
0.5,4.0316,0.00942,0.0007699350621968062,0.85,5.965378093606374,5.8,0.0033270850732631157,0.005831764398249555,0.008266851442933078,0.0010611683271721513
0.5,4.4987,0.00833,0.0007304108432930059,0.85,5.984243325756985,5.8,0.0032495379492896966,0.004823997395112171,0.006867690725692084,0.0010078354398832825
0.5,5.0134,0.00679,0.0008475258108164022,0.85,6.004962392486695,5.8,0.003198683829161528,0.0033595587418950496,0.004788797595978508,0.0011668495881294702
0.5,5.5336,0.00978,0.0008036168241145776,0.85,6.02583047432664,5.8,0.0031673995770461847,0.006246074672134158,0.008952712259512597,0.0011086834357442153
0.5,6.0155,0.009649999999999999,0.0008010617953691213,0.85,6.045097855444113,5.8,0.0031454214072199342,0.00611332035981273,0.008786033775279931,0.0011046034396844432
0.5,6.5021,0.0077800000000000005,0.0007652450587883596,0.85,6.064491040335067,5.8,0.0031259734906881583,0.004314716865663142,0.006227163332038579,0.0010562631371287539
0.5,7.0385,0.00848,0.0008295782060782455,0.85,6.085797368674916,5.8,0.0031078702941904606,0.004973897306742501,0.007195265307487594,0.0011437150535386932
0.5,7.5354,0.007550000000000001,0.0007850477692471967,0.85,6.105468377428019,5.8,0.0030930770319649212,0.00407918188299271,0.005927961397929815,0.0010837706561800861
0.5,8.0372,0.00688,0.000836540495134575,0.85,6.125269255066495,5.8,0.0030775878029760165,0.003437064588344339,0.005001030750494915,0.0011525548697451063
0.5,8.4978,0.00683,0.0008350449089719666,0.85,6.143388217521124,5.8,0.003063258243520684,0.0033849749785016046,0.004946458307737303,0.0011520431761907074
0.5,9.0093,0.00682,0.0008610458756651703,0.85,6.163447051489542,5.8,0.0030512691166431605,0.003366568121114947,0.004929526444700786,0.0011864471817721657
0.5,9.526,0.0084,0.0008522910301065007,0.85,6.183643743967778,5.8,0.003046896715495828,0.0048319530399621845,0.007102978926296009,0.0011751390869956576
0.5,10.0003,0.008969999999999999,0.0007551820972454259,0.85,6.202125217007733,5.8,0.0030490211689967617,0.005339393798397329,0.00789239541362028,0.0010438931121910444
0.5,10.5271,0.00676,0.0009004443347592342,0.85,6.222588053035909,5.8,0.0030554568924380282,0.0032454583643370043,0.004800400575839133,0.0012414100299354323
0.5,11.0107,0.00706,0.0009924716620639605,0.85,6.241313780805143,5.8,0.0030636748519440845,0.0034971233130085544,0.0051955205680688735,0.0013702134104846843
0.5,11.4988,0.006849999999999999,0.0010481889142707054,0.85,6.260156957995594,5.8,0.003071194586191752,0.003275291654741244,0.004887509459871484,0.0014491721056963316
0.7,-15.0154,0.00165,0.0005796550698475776,0.85,5.137436033788222,5.8,0.0011107185962783142,0.0007520783197434919,0.0009142002750769068,0.0007954803991340984
0.7,-14.4804,0.00212,0.0005915234568468101,0.85,5.1625043695664745,5.8,0.0011533816609440607,0.0012284080906513584,0.0015020981053570383,0.0008126343251769512
0.7,-13.9919,0.002915,0.0005085518655948477,0.85,5.18528801924852,5.8,0.0011926835226413668,0.002067887527074451,0.0025375390547803327,0.0006980333659271992
0.7,-13.4965,0.002695,0.0004410498838000074,0.85,5.208291697466846,5.8,0.0012327952963993765,0.0017683806952606988,0.002182267679125783,0.0006061116914917197
0.7,-12.9943,0.002545,0.00043246387132337425,0.85,5.231507889097391,5.8,0.0012748120976026412,0.0015467453410781525,0.001917481887305453,0.0005943789143606448
0.7,-12.5134,0.002315,0.0003906084996515052,0.85,5.253643245312488,5.8,0.0013169834951415745,0.0012387667476980223,0.001542252902865322,0.0005368774487070987
0.7,-11.9974,0.00335,0.0004391469002509297,0.85,5.27729096316896,5.8,0.001364057504872758,0.002317755784484416,0.002892564148957085,0.0006023405498389474
0.7,-11.474,0.0033,0.0004909684307570091,0.85,5.301170047080513,5.8,0.0014140403121527477,0.002196483370357847,0.0027603936572961683,0.0006750764024333465
0.7,-11.0025,0.0029,0.0004423799272118933,0.85,5.322589574982941,5.8,0.0014619366156842146,0.0016981792946344776,0.002141060752602943,0.0006077792607976691
0.7,-10.495,0.004485,0.0004879805323985783,0.85,5.345548621431332,5.8,0.0015163937263447255,0.0033498981816006785,0.004239972819895739,0.000670146373063551
0.7,-9.9807,0.0038749999999999995,0.000525808900647374,0.85,5.368715132031321,5.8,0.0015725367536295195,0.0026137535313415705,0.0033323666064817466,0.0007242253253280106
0.7,-9.4902,0.00348,0.00047148700936505136,0.85,5.390716825075825,5.8,0.0016254190147105116,0.00211879546639722,0.002704756262448814,0.0006475753456467096
0.7,-8.9934,0.004050000000000001,0.00047733635939450496,0.85,5.412909949485062,5.8,0.0016794607507417876,0.002660164371275001,0.0034153471364141577,0.0006566713781860434
0.7,-8.4901,0.0034349999999999997,0.00045932014978661674,0.85,5.43530103972051,5.8,0.0017377677387245037,0.0019277146061180668,0.0024859007126420904,0.0006320638166528923
0.7,-7.9804,0.00427,0.0005163332257370235,0.85,5.457883237986026,5.8,0.0018021154271784556,0.002735541191715928,0.003540824514494733,0.000710223388892152
0.7,-7.4965,0.00444,0.0005021453972705515,0.85,5.479236247739681,5.8,0.001867237906810091,0.002832687198741495,0.0036779037597830335,0.0006901431701067524
0.7,-6.9738,0.005255,0.0005517019122678478,0.85,5.502208282298462,5.8,0.001941437263358626,0.0035979749937266087,0.004695846713184344,0.0007590165187353
0.7,-6.4775,0.00546,0.0005647123161398199,0.85,5.523931652749835,5.8,0.0020176704250687207,0.003715202823686185,0.00486421406655209,0.0007763134452311068
0.7,-5.9751,0.00645,0.000589788097540125,0.85,5.545835357841605,5.8,0.002103206675371245,0.004642395670559139,0.0061108786377360004,0.0008119298931042797
0.7,-5.5006,0.0053300000000000005,0.0005610704055642215,0.85,5.566443532064787,5.8,0.002191682780558782,0.003361953005365183,0.004450437051007201,0.000773888818388196
0.7,-4.986,0.007265000000000001,0.0006325148219607189,0.85,5.588707407518683,5.8,0.00229605939395821,0.005243608892005666,0.006959828627700415,0.0008712756611054066
0.7,-4.5,0.00687,0.0006297618597533515,0.85,5.609652788766719,5.8,0.002408412481618098,0.0046947009374140505,0.006248309700499196,0.0008666085762342275
0.7,-3.9729,0.007095,0.0006632307290830243,0.85,5.632281426494318,5.8,0.002563521713608304,0.004742753822700164,0.006348874455114543,0.000914269944403847
0.7,-3.4749,0.008495,0.0007315907325820906,0.85,5.653577579356471,5.8,0.00277414585211234,0.005940866776335287,0.007975152672358791,0.001007539369705368
0.7,-2.9711,0.010525,0.0007803685026960019,0.85,5.675040442814105,5.8,0.003113283184766013,0.0076434683512158815,0.010297751156981557,0.0010745105552963587
0.7,-2.4979,0.013470000000000001,0.0009033271832508971,0.85,5.695126021374836,5.8,0.003644723509420569,0.010073322361167548,0.013633707334022464,0.0012451193120984472
0.7,-1.9825,0.026875000000000003,0.0012617151025489074,0.85,5.716922545174349,5.8,0.004612979928891556,0.02265256351135918,0.03077070949249466,0.0017387900252847275
0.7,-1.4984,0.062215,0.0018888819444316787,0.85,5.737319960645979,5.8,0.0059717518588807235,0.0569229450510283,0.07757943412895808,0.0026024535371622338
0.7,-0.971,0.13800500000000002,0.002846291446777719,0.85,5.759459590440239,5.8,0.007743826480539208,0.13123258049496617,0.17959977790205445,0.003922742063064151
0.7,-0.4756,0.214025,0.003534384670632216,0.85,5.780178659631022,5.8,0.00908786336064366,0.20567106938127977,0.28216095705950256,0.0048654639582398
0.7,0.0254,0.245745,0.0037676285644951788,0.85,5.801056677843229,5.8,0.009457891077911718,0.23624234581925976,0.3258370412262254,0.005195551724839101
0.7,0.532,0.21089500000000003,0.0034833353269531774,0.85,5.8220919351038205,5.8,0.008651177852624013,0.20144358080703773,0.2789345287398325,0.00480499637272925
0.7,1.0047,0.13672499999999999,0.0027925391671380366,0.85,5.841651270141428,5.8,0.007268871030532924,0.12848127277782917,0.17875874233381425,0.0038576169355013365
0.7,1.5223,0.063765,0.001925986760079103,0.85,5.8629936309755255,5.8,0.005753376366227384,0.057326514774378196,0.07989294048225265,0.002655306967504489
0.7,2.0054,0.0271,0.0012433020550131815,0.85,5.882843584434443,5.8,0.004706822833718083,0.022011548604184212,0.030821062153839514,0.0017163835633305718
0.7,2.5345,0.01158,0.0008078675634038045,0.85,5.904507052931712,5.8,0.004004163375329192,0.0073708759629084785,0.010354980657255854,0.0011148455587128134
0.7,3.0283,0.010530000000000001,0.0007746934877743584,0.85,5.9246537373481,5.8,0.0036333721248035617,0.006675078412144947,0.009398972964099892,0.0010678713970076667
0.7,3.5273,0.009865,0.0007452684080249209,0.85,5.944943221535781,5.8,0.0034178690713179056,0.006206613092402223,0.008779849328864366,0.0010285499421623392
0.7,4.0316,0.00876,0.0006956292115775472,0.85,5.965378093606374,5.8,0.0032876014039473597,0.005229545238351049,0.007439511584391814,0.0009621622858057754
0.7,4.4987,0.009085,0.0007376821808882196,0.85,5.984243325756985,5.8,0.0032097633612325114,0.005595526987373846,0.007953963124449936,0.0010163203483971209
0.7,5.0134,0.007404999999999999,0.0007080077683189642,0.85,6.004962392486695,5.8,0.0031534917864520554,0.003998759500539691,0.0057249710326438075,0.0009790474332253
0.7,5.4901,0.008520000000000002,0.0006736096792653739,0.85,6.024088219912783,5.8,0.003121474869662306,0.005081592249549878,0.007289610242270771,0.000930356687119927
0.7,6.0155,0.00893,0.0007212142538802184,0.85,6.045097855444113,5.8,0.003102638542835988,0.005465295548314448,0.007847819467592361,0.0009936291207200034
0.7,6.5021,0.00873,0.0006962758074211683,0.85,6.064491040335067,5.8,0.0030940940512702102,0.00525516389358157,0.007582311522514107,0.0009607940369925006
0.7,7.0385,0.006925,0.0006740363491682033,0.85,6.085797368674916,5.8,0.003088375475950272,0.003511417051934251,0.005089309616784578,0.0009310441636303334
0.7,7.5354,0.007410000000000001,0.0006545227268781429,0.85,6.105468377428019,5.8,0.003082905988887301,0.0039563573965214465,0.0057514755214968525,0.0009038939875923902
0.7,8.0372,0.00798,0.0006688049042882386,0.85,6.125269255066495,5.8,0.0030745136368683056,0.004481725619343385,0.00653378869145926,0.0009232558725483455
0.7,8.4978,0.00813,0.0006743886120034947,0.85,6.143388217521124,5.8,0.003063870044518932,0.004611698929864846,0.006746242629098175,0.0009313893563318324
0.7,9.0093,0.00627,0.0006054750201288241,0.85,6.163447051489542,5.8,0.003051749273404965,0.0028485204451791026,0.004174396335560361,0.0008349777331061165
0.7,9.526,0.00677,0.0006257795138864806,0.85,6.183643743967778,5.8,0.0030428147770646344,0.003307162942512835,0.004867046801945665,0.0008638031906542176
0.7,10.0003,0.00717,0.0006415605972938175,0.85,6.202125217007733,5.8,0.0030377683177099566,0.0036673526762940165,0.005415272967638405,0.0008859165664013121
0.7,10.5271,0.007665,0.0006861304540683208,0.85,6.222588053035909,5.8,0.0030334880046608277,0.004110966942555239,0.00610015750715241,0.0009489879610485115
0.7,11.0107,0.007389999999999999,0.0006519202405202649,0.85,6.241313780805143,5.8,0.0030291447218473736,0.0038383196462829366,0.005705958320111724,0.0009006040536998413
0.7,11.4988,0.00677,0.0006257795138864806,0.85,6.260156957995594,5.8,0.003023972733479131,0.003248393960114502,0.004850963114660161,0.0008658115817960428
0.7,12.041,0.005895,0.0006163400035694584,0.85,6.281022398957919,5.8,0.0030173347420992987,0.002426205788129125,0.0036343148182375606,0.0008525363755971873
0.7,12.5387,0.00637,0.0006300396812899962,0.85,6.3001145202613404,5.8,0.003010712951295348,0.002853624892275694,0.004281603974727084,0.0008702761123187728
0.7,13.0412,0.0067,0.0006795218907437789,0.85,6.319332254484376,5.8,0.0030044269668775873,0.003144956929249073,0.004738555364855468,0.0009397049460240212
0.7,13.4974,0.00693,0.0006078239876806443,0.85,6.336728805402344,5.8,0.00299925940095013,0.0033437609861197448,0.005050460346192159,0.0008403040320156774
0.7,14.0089,0.005835,0.0006676263925280365,0.85,6.356177524153457,5.8,0.002993088059272252,0.002331338433127731,0.0035366855170096633,0.0009241800574214317
0.7,14.5253,0.005965,0.0006979792260518933,0.85,6.375752373483278,5.8,0.00298785890800993,0.002438481070921614,0.0037030415021620604,0.0009642246726330949
0.7,15.0465,0.005065,0.0006256796304819264,0.85,6.395448422070485,5.8,0.0029901708046749724,0.0016032522145180091,0.002443239073487282,0.0008647152653588504
0.7,15.52,0.005215,0.0007167461196267476,0.85,6.413289458421595,5.8,0.003003241154694473,0.001713059301739974,0.0026185184119244635,0.0009908222182451838
0.7,15.9975,0.005075,0.0007343534571308287,0.85,6.431231089037905,5.8,0.003014918103437849,0.0015619661030980094,0.0024016752144097914,0.0010183139506375134
0.7,16.5329,0.005065,0.0007363592873047774,0.85,6.451288920334586,5.8,0.003014918103437849,0.0015387455694761223,0.002373350410568891,0.0010210953971315792
0.7,17.0191,0.00715,0.000977368917042076,0.85,6.469449681506477,5.8,0.003014918103437849,0.003395209811853902,0.005251489637444641,0.0013552988598052075
0.9,-18.4955,0.0013999999999999998,0.00044356510232433747,0.85,4.97128542900213,5.8,0.0008483560757549446,0.0007850242875266501,0.000923263754674946,0.000608638412291245
0.9,-17.9887,0.00216,0.00042337926260033095,0.85,4.995825383468556,5.8,0.000880112693810214,0.0016275810381316184,0.0019225191774298173,0.0005806018088828884
0.9,-17.4987,0.00181,0.00040218155104380406,0.85,5.0194377843281615,5.8,0.0009112159074869702,0.0011802533866991575,0.0013996159445546022,0.0005510978145178443
0.9,-17.0013,0.00281,0.0004317406628984581,0.85,5.043293713097151,5.8,0.0009432911550179895,0.0022883270943167672,0.0027303422058201727,0.0005924281218910504
0.9,-16.4965,0.002165,0.0003963268852853664,0.85,5.0673897303819935,5.8,0.000977288207964956,0.0015007134197198792,0.0018004413560343642,0.000544224933284202
0.9,-15.984,0.002495,0.00039896741721599273,0.85,5.091736645405059,5.8,0.0010134869156249626,0.0018285689501392412,0.0022018382169558515,0.0005472346069975122
0.9,-15.49,0.00268,0.0004269660408041838,0.85,5.115095009846997,5.8,0.0010492422609094095,0.0019896064740752718,0.002410483269895961,0.0005865493517572186
0.9,-14.9889,0.0023,0.00037463315389858385,0.85,5.138680615117221,5.8,0.0010859109386095556,0.0015100861663196235,0.0018363255939673896,0.0005141981792293091
0.9,-14.4804,0.002495,0.00039896741721599273,0.85,5.1625043695664745,5.8,0.0011241326206965462,0.0016789642803556096,0.00205344193720688,0.0005482087476408076
0.9,-13.9919,0.00247,0.0003889087296526011,0.85,5.18528801924852,5.8,0.0011632737204707228,0.0015995429151375341,0.0019660145328287844,0.0005346796166817016
0.9,-13.4965,0.002185,0.00046100433837438016,0.85,5.208291697466846,5.8,0.0012066857716617994,0.0012265496798325474,0.001513939741500269,0.0006336670904253596
0.9,-12.9943,0.00275,0.0004338202392696773,0.85,5.231507889097391,5.8,0.001254120646524045,0.001794713521009229,0.002226406311450272,0.0005966507739364732
0.9,-12.485,0.0033,0.00040620192023179807,0.85,5.25494755371482,5.8,0.0013036065274668566,0.0023386753039606667,0.0029149851599293486,0.0005588149267537149
0.9,-11.9974,0.00345,0.0004724404724407087,0.85,5.27729096316896,5.8,0.0013503704809423726,0.002441347682723971,0.003059558273587463,0.0006507184863879421
0.9,-11.474,0.003005,0.00043803538669838076,0.85,5.301170047080513,5.8,0.0013992370891933073,0.0018885276580625527,0.002375180687607164,0.0006027521363683214
0.9,-11.0025,0.0026999999999999997,0.0004004372610035185,0.85,5.322589574982941,5.8,0.0014427113489076497,0.0014994655331132015,0.001892623654939394,0.0005507661909645608
0.9,-10.495,0.0034449999999999997,0.00048168973416505366,0.85,5.345548621431332,5.8,0.0014903424734493812,0.0022475339196101314,0.0028489995834529644,0.000662505107981879
0.9,-9.9807,0.003994999999999999,0.0004699202059924642,0.85,5.368715132031321,5.8,0.0015410703253466824,0.002774859916836415,0.0035340303438285855,0.0006465631710787911
0.9,-9.4902,0.003865,0.0004796613388631608,0.85,5.390716825075825,5.8,0.001592696023860051,0.00256574908231276,0.0032826347501942886,0.0006602745690524165
0.9,-8.9934,0.00404,0.0005442425929675112,0.85,5.412909949485062,5.8,0.0016483804023414966,0.0026805295959172254,0.0034416837504137585,0.0007487555822335102
0.9,-8.4901,0.0041,0.0005301414905475707,0.85,5.43530103972051,5.8,0.0017075943104618537,0.0026675083427709096,0.003445162119387557,0.0007306343099354223
0.9,-7.9804,0.002995,0.0004846390409366542,0.85,5.457883237986026,5.8,0.0017695405774012212,0.0014131951541183753,0.0018315528139085035,0.0006674818430182013
0.9,-7.4965,0.004865,0.0005292211258065951,0.85,5.479236247739681,5.8,0.0018309193312467961,0.003318885992741598,0.004321088080471241,0.000729366688515891
0.9,-6.9738,0.006915,0.0006185264747769492,0.85,5.502208282298462,5.8,0.0019033038035619083,0.005385951335875655,0.007033096937220526,0.0008513995945101624
0.9,-6.4775,0.005865,0.0005745215400661667,0.85,5.523931652749835,5.8,0.0019802337692595823,0.004177880077617253,0.005478534523655519,0.0007910327167152631
0.9,-5.9751,0.006415,0.0005763896251668658,0.85,5.545835357841605,5.8,0.002065655154169727,0.00464334314802305,0.006117005133437739,0.0007941183683635653
0.9,-5.5006,0.005275,0.0005886212704277683,0.85,5.566443532064787,5.8,0.0021526781333595503,0.0033436499662181074,0.004414472710242132,0.0008097373412800415
0.9,-4.986,0.006815,0.0006347637355741111,0.85,5.588707407518683,5.8,0.002258510959845331,0.004814144149424291,0.006390798679286654,0.0008745099887436823
0.9,-4.5,0.008114999999999999,0.0006652631058461006,0.85,5.609652788766719,5.8,0.002379106612366209,0.0060112522515997115,0.008019364960724813,0.000917614942792647
0.9,-3.9729,0.008095,0.0006815607089614248,0.85,5.632281426494318,5.8,0.00254945806592822,0.005786595558654873,0.007746399531137092,0.0009395609445231655
0.9,-3.4749,0.008905,0.0007249655164212985,0.85,5.653577579356471,5.8,0.0027738046091605514,0.006361826639376953,0.008541523804697375,0.0009985630971955308
0.9,-2.9711,0.012395,0.0008088108555156762,0.85,5.675040442814105,5.8,0.003117085971913255,0.009550841371411743,0.01289987675427239,0.0011164773920793777
0.9,-2.4979,0.014754999999999999,0.0009110845185821127,0.85,5.695126021374836,5.8,0.0036357214957147394,0.011390987251169273,0.015444079254086137,0.0012580096654558081
0.9,-1.9825,0.02774,0.001293058390019569,0.85,5.716922545174349,5.8,0.004565507935060806,0.02357760555452265,0.032069474585864476,0.0017843332512252046
0.9,-1.4984,0.061630000000000004,0.0019406828695075352,0.85,5.737319960645979,5.8,0.005869287698380134,0.0564340181050064,0.07715092911865538,0.0026820920749691494
0.9,-0.971,0.145875,0.0029541115415637237,0.85,5.759459590440239,5.8,0.007586805848710561,0.13931499747400852,0.19114267558254722,0.0040816234549252385
0.9,-0.4756,0.22583,0.003648910796388424,0.85,5.780178659631022,5.8,0.008917711808175379,0.21768670254112293,0.29913792156006347,0.005031408148050251
0.9,0.0254,0.255635,0.00389923389911403,0.85,5.801056677843229,5.8,0.009318234837269644,0.2462702005701992,0.33986157223635516,0.005380100279102179
0.9,0.532,0.213315,0.0035659535891539584,0.85,5.8220919351038205,5.8,0.008553505584022394,0.20395207038262325,0.2828134365289972,0.0049260242086250116
0.9,1.0047,0.14151,0.0028885290374167957,0.85,5.841651270141428,5.8,0.0071888657542482385,0.13331216076117558,0.18557022798157743,0.003992157231258539
0.9,1.5223,0.07085999999999999,0.0020307510925763406,0.85,5.8629936309755255,5.8,0.005666627399704704,0.06443203309152576,0.08988741864631497,0.0028026078886565836
0.9,2.0054,0.032215,0.001370063867124449,0.85,5.882843584434443,5.8,0.004608901671052029,0.027152439136033674,0.03797593590775153,0.0018892139418410557
0.9,2.5345,0.013505,0.0008836996095959305,0.85,5.904507052931712,5.8,0.0039043346500652523,0.009361633075573757,0.0131382078933946,0.0012182418804169508
0.9,3.0283,0.01033,0.000768212210264846,0.85,5.9246537373481,5.8,0.003540213635298449,0.006572444868659583,0.009274610944642686,0.0010612433327579142
0.9,3.5273,0.00997,0.0007426977851050855,0.85,5.944943221535781,5.8,0.003333652394967171,0.006393269771509226,0.009045476360287366,0.001025181649337918
0.9,4.0316,0.009755,0.0007275816105427624,0.85,5.965378093606374,5.8,0.003213198842006616,0.0062713634291829915,0.00891036883926702,0.001005091140814195
0.9,4.4987,0.008585,0.0006844523358130937,0.85,5.984243325756985,5.8,0.0031453292078393127,0.005175355177717715,0.007379356477029151,0.0009458892498008255
0.9,5.0134,0.010095,0.0007513487871820915,0.85,6.004962392486695,5.8,0.0030963511399855377,0.006654084611828329,0.009513873099733085,0.0010375960905670578
0.9,5.5336,0.00962,0.0007308214556237385,0.85,6.02583047432664,5.8,0.003059258695344344,0.006200211885137753,0.008919100379243901,0.001011898363467356
0.9,6.0155,0.00829,0.0006668208155119334,0.85,6.045097855444113,5.8,0.003031609527340146,0.0049222732963594175,0.007084440543684409,0.0009208176670349198
0.9,6.5021,0.007770000000000001,0.0006645299090334459,0.85,6.064491040335067,5.8,0.0030118764205517806,0.004419250066446884,0.0063948454222981285,0.0009196649627323756
0.9,7.0385,0.007614999999999999,0.000665526107677227,0.85,6.085797368674916,5.8,0.0030018318836579133,0.004255557300434597,0.006171722762692563,0.0009198681224410518
0.9,7.5354,0.007855,0.0006964732586395546,0.85,6.105468377428019,5.8,0.0030025265624191895,0.004459472613341363,0.006480438049817924,0.0009614668515355033
0.9,8.0372,0.007365,0.0006751111019676687,0.85,6.125269255066495,5.8,0.0030091137080330817,0.003964783800989364,0.005789127503723576,0.0009334083116713008
0.9,8.4978,0.007339999999999999,0.0007154718722633336,0.85,6.143388217521124,5.8,0.003014829844699744,0.003914896634018205,0.005726749279312975,0.00098809901867306
0.9,9.0093,0.007,0.0006330086887239383,0.85,6.163447051489542,5.8,0.003014867400032153,0.003572355571273823,0.005242476104857649,0.0008741697530685455
0.9,9.526,0.0069299999999999995,0.0006481897870222887,0.85,6.183643743967778,5.8,0.0030065738241826984,0.0034934772240701613,0.005147172425535739,0.0008957700082125144
0.9,10.0003,0.006205,0.0006141864537744219,0.85,6.202125217007733,5.8,0.0029941932307205816,0.0028084951608825775,0.0041449783931976035,0.000847688493607974
0.9,10.5271,0.00612,0.0006200403212695123,0.85,6.222588053035909,5.8,0.0029791398977162464,0.002725239003387776,0.00405073503935954,0.0008590256190315491
0.9,11.0107,0.007500000000000001,0.0006524568951279463,0.85,6.241313780805143,5.8,0.0029672408153705457,0.004002445620485657,0.005945342923349783,0.0009006483772947546
0.9,11.4988,0.006115000000000001,0.0005852990688528387,0.85,6.260156957995594,5.8,0.0029588074781775097,0.002706705421575086,0.004039631951929608,0.0008093221197618736
0.9,12.041,0.006775000000000001,0.0006492110596716602,0.85,6.281022398957919,5.8,0.0029521610497305903,0.003303986039717683,0.004949335089740263,0.0008980328340408896
0.9,12.4887,0.00616,0.0005948949487094339,0.85,6.298199100243055,5.8,0.002945562498558033,0.002727170203496624,0.004089742026650446,0.0008215529519855686
0.9,13.0412,0.00574,0.0006174139616173253,0.85,6.319332254484376,5.8,0.0029329857705141685,0.002335292373331657,0.0035238413152119327,0.0008550831168625357
0.9,13.4974,0.005465,0.0005791588728492381,0.85,6.336728805402344,5.8,0.0029194408683168617,0.002082666839523956,0.003146730407438401,0.0008009406234533086
0.9,14.0089,0.005525,0.000599145224465655,0.85,6.356177524153457,5.8,0.0029036147630138683,0.0021379373141943423,0.003240564288758299,0.0008286855230052806
0.9,14.5253,0.00484,0.0005575392362874563,0.85,6.375752373483278,5.8,0.0028890898768665547,0.0015138414723419404,0.0023020656129405476,0.0007712750579371762
0.9,15.0465,0.00481,0.0005583457710057452,0.85,6.395448422070485,5.8,0.0028749998028041127,0.0014871649992330522,0.0022707964221667905,0.0007731776107274807
0.9,15.52,0.00588,0.000606341487942232,0.85,6.413289458421595,5.8,0.0028616655212898834,0.0024560423758979498,0.0037567864458200864,0.0008387742501801354
0.9,15.9975,0.004605,0.0005451834553615875,0.85,6.431231089037905,5.8,0.002849510158559032,0.0013035049687508452,0.0020005437834367695,0.0007545915125745282
0.9,16.5329,0.0046949999999999995,0.0005655749287229766,0.85,6.451288920334586,5.8,0.002839773400951067,0.0013812435673275303,0.002126211792232513,0.0007827226562799939
0.9,17.0191,0.005435000000000001,0.000579935341223485,0.85,6.469449681506477,5.8,0.0028315006069889828,0.0020410931300195033,0.0031510245160881493,0.0008026555091140621
0.9,17.5096,0.00515,0.0006101229384312641,0.85,6.487719545479579,5.8,0.0028178931724571134,0.0017861899403544437,0.0027597220065547663,0.0008427348942597897
0.9,18.0044,0.005445,0.0006186477188190384,0.85,6.506097593134639,5.8,0.0027967876745983258,0.0020572741570786053,0.0031891072447665864,0.0008549245518889189
0.9,18.5036,0.00462,0.0006111464636239008,0.85,6.5245866087785345,5.8,0.002770884208486041,0.0013360426524352625,0.0020845225679614774,0.0008476304984416913
0.9,19.0071,0.004765,0.0006037176492367935,0.85,6.543181963758389,5.8,0.0027427262123594616,0.0014810597304855955,0.0023093841681869477,0.0008344426204705831
0.9,19.4583,0.005785,0.000636022798333519,0.85,6.559800981378306,5.8,0.0027160683037714193,0.0023988734597437974,0.0037527147868329953,0.0008797276300270033
0.9,20.0274,0.004805,0.0006190920771581559,0.85,6.580702748504517,5.8,0.002690050561896537,0.0015449074760323623,0.0024258912238223755,0.0008568007030445581
0.9,20.5444,0.004155,0.000592262610671989,0.85,6.599633614553483,5.8,0.002690050561896537,0.0009615157836740705,0.0015141636573435837,0.0008196697065485624
0.9,21.0078,0.0043,0.0005624944444170092,0.85,6.616555790585966,5.8,0.002690050561896537,0.0010792821225621392,0.001703976247527726,0.0007784716574753255
0.9,21.5335,0.003825,0.0006424367673164419,0.85,6.635700755527811,5.8,0.002690050561896537,0.0006532285908770392,0.0010343048286201209,0.0008891088970563305
0.9,22.0047,0.004905,0.0007609697760095338,0.85,6.65281411480835,5.8,0.002690050561896537,0.0015861849542403122,0.002518000369995929,0.0010531542288079805
0.9,22.5393,0.003255,0.000820990255727801,0.85,6.6721769282763805,5.8,0.002690050561896537,0.00013946073598162037,0.00022203226095162602,0.0011362203689138984
1.1,-23.5102,0.00163,0.0005065076504851629,0.85,4.721596983417223,5.8,0.0005503917264632224,0.001451896912995737,0.0016164198292902866,0.0006926972699226314
1.1,-22.9966,0.0008550000000000003,0.0004462342434193055,0.85,4.747773409058272,5.8,0.0005704194996126098,0.00047407011114655804,0.0005322566609351814,0.0006120394754498236
1.1,-22.4951,0.0012399999999999998,0.0003427827300200522,0.85,4.773194621705414,5.8,0.0005911309097262148,0.0009156167865222089,0.0010328275201145736,0.00046984200310269767
1.1,-21.9851,0.001545,0.000370168880377592,0.85,4.798908597811808,5.8,0.0006130817596085754,0.0012542178184842456,0.0014231194163694793,0.0005076376187750869
1.1,-21.4881,0.001235,0.00031776563690871296,0.85,4.8238352467180405,5.8,0.0006349242275500734,0.0008499938166292838,0.0009688751131008393,0.00043550635046459045
1.1,-20.9829,0.0016200000000000001,0.00032977264895682294,0.85,4.84904183720782,5.8,0.000658087151476011,0.0012796152473571604,0.0014648357317409823,0.00045153998480959107
1.1,-20.4919,0.0009149999999999999,0.0003285194058195041,0.85,4.873415000681386,5.8,0.0006827662357421303,0.0004062032034002352,0.0004685416305439012,0.00045098330713622364
1.1,-19.993,0.0016799999999999999,0.0003059411708155671,0.85,4.898056094672004,5.8,0.0007106028466071123,0.001278757791912178,0.001481998937499981,0.00041985735223172885
1.1,-19.4861,0.001315,0.0003202733207746159,0.85,4.922965997666207,5.8,0.000740692052096998,0.0008085772306109617,0.00094167342030292,0.00043944115237109854
1.1,-18.9946,0.001315,0.0003576660453551609,0.85,4.946999348562041,5.8,0.0007700374103967142,0.0007717052628092084,0.0009030049048791165,0.0004906846819061808
1.1,-18.4955,0.00143,0.00030732718721258623,0.85,4.97128542900213,5.8,0.000799382072231996,0.0008689992988342049,0.001022316421719351,0.00042181904740631876
1.1,-17.9887,0.001375,0.00035514081714159527,0.85,4.995825383468556,5.8,0.0008290107801119253,0.0007673220353603057,0.0009078692319641018,0.00048782826588279104
1.1,-17.4987,0.001915,0.00036410850031275014,0.85,5.0194377843281615,5.8,0.0008574670482744254,0.0013553305751324443,0.0016144365443005043,0.0005011635533655029
1.1,-17.0013,0.001645,0.0003415772240650714,0.85,5.043293713097151,5.8,0.0008856625993913034,0.0010061566248633852,0.0011999414051682448,0.0004684865047900149
1.1,-16.4965,0.002025,0.0003982775414205526,0.85,5.0673897303819935,5.8,0.0009138401389534526,0.0014039211987194305,0.0016848420883335072,0.0005470738741778857
1.1,-15.984,0.001995,0.0003994058086708304,0.85,5.091736645405059,5.8,0.0009436649159317638,0.0013288406761321984,0.0016027851856295478,0.000548755446021047
1.1,-15.49,0.002155,0.0003521718330588067,0.85,5.115095009846997,5.8,0.000975385874663413,0.001468165999923149,0.0017808900043869069,0.0004843851725102819
1.1,-14.9889,0.0016749999999999998,0.00040801348016946694,0.85,5.138680615117221,5.8,0.001011373317520493,0.0008791897915040175,0.0010710787275635559,0.00056103458838485
1.1,-14.4804,0.0031049999999999997,0.0004141557677975763,0.85,5.1625043695664745,5.8,0.0010511774512496955,0.0024372457462520855,0.0029841021728067144,0.0005696992439552446
1.1,-13.9919,0.0026349999999999998,0.00038160843806184366,0.85,5.18528801924852,5.8,0.0010911433017988539,0.0018562339592650152,0.0022821112043756838,0.000524779870201298
1.1,-13.4965,0.002165,0.0003808871223866724,0.85,5.208291697466846,5.8,0.0011324983222318046,0.001278464951216827,0.0015811135333730216,0.000524569714242871
1.1,-12.9943,0.002535,0.0004074002945507035,0.85,5.231507889097391,5.8,0.0011754246224629748,0.001635046146517698,0.0020247061369932456,0.0005593123802730176
1.1,-12.485,0.002715,0.0003836991008589934,0.85,5.25494755371482,5.8,0.0012203299871584063,0.0017762746105160557,0.0022122021916240885,0.0005274303285095944
1.1,-11.9974,0.003415,0.00045560399471470834,0.85,5.27729096316896,5.8,0.0012642472033549052,0.002489004254303229,0.003119356040724313,0.0006275434282098291
1.1,-11.474,0.0035499999999999998,0.00045038872099554183,0.85,5.301170047080513,5.8,0.0013120069013926323,0.0025720413025202803,0.0032346580463464055,0.0006197181297929825
1.1,-11.0025,0.00393,0.00046845490711486845,0.85,5.322589574982941,5.8,0.001356120731324599,0.002926381174727974,0.0037007936761162905,0.0006455602574415012
1.1,-10.495,0.003255,0.0004520785330006281,0.85,5.345548621431332,5.8,0.0014055531933643167,0.0021261703652448896,0.0026984609333512966,0.0006225405841225358
1.1,-9.9807,0.0035700000000000003,0.00048124837662063863,0.85,5.368715132031321,5.8,0.001457350521501452,0.0023994382055557845,0.003063178498963692,0.0006637272459137057
1.1,-9.4902,0.00348,0.0004437904911103887,0.85,5.390716825075825,5.8,0.0015072529897861434,0.0022369614913215884,0.0028644495603885813,0.0006114235166146019
1.1,-8.9934,0.003645,0.0004781997490589053,0.85,5.412909949485062,5.8,0.00155757678101504,0.002348085828800069,0.0030217165519649818,0.0006593959742257202
1.1,-8.4901,0.003425,0.0004639773701378118,0.85,5.43530103972051,5.8,0.0016086505021269291,0.0020461608606345866,0.0026371364991223953,0.0006381077599456874
1.1,-7.9804,0.00543,0.0005426324723051505,0.85,5.457883237986026,5.8,0.0016624976668766342,0.004107871288766574,0.00531363296521377,0.0007459062695895647
1.1,-7.4965,0.005615,0.0005635379312876818,0.85,5.479236247739681,5.8,0.001718393807558705,0.004225317784259348,0.005492508089074879,0.0007754297307238998
1.1,-6.9738,0.005325,0.0005688804795385406,0.85,5.502208282298462,5.8,0.0017858607382155956,0.0038273400741495557,0.0049980631882836305,0.0007830990348563181
1.1,-6.4775,0.007165,0.0006285499184631241,0.85,5.523931652749835,5.8,0.0018561345565730055,0.005666949111435952,0.007442753833448754,0.0008667698850871327
1.1,-5.9751,0.006995,0.0006198185218271554,0.85,5.545835357841605,5.8,0.0019317584858509957,0.005383821112564979,0.00709721611565345,0.0008545214722181233
1.1,-5.5006,0.00602,0.0005950630218724736,0.85,5.566443532064787,5.8,0.002006806302398992,0.004265780457687738,0.005637500285670247,0.0008194099358148246
1.1,-4.986,0.007645,0.0006648496070541067,0.85,5.588707407518683,5.8,0.0020962907674372494,0.005837744201068437,0.007773329994271801,0.0009187600032695589
1.1,-4.5,0.008650000000000001,0.0006951258878793107,0.85,5.609652788766719,5.8,0.002198416484070216,0.006745096044987731,0.008985383460786046,0.000957423212901121
1.1,-3.9729,0.00969,0.0007438749894975634,0.85,5.632281426494318,5.8,0.0023467545303192,0.007631795145061923,0.010214460532099918,0.0010252560342800174
1.1,-3.4749,0.011695,0.0007868767374881532,0.85,5.653577579356471,5.8,0.0025488287930148464,0.00944906087028062,0.012691280471705122,0.001084246775371821
1.1,-2.9711,0.014045,0.0008873415351486711,0.85,5.675040442814105,5.8,0.0028640609853518425,0.011490197952687655,0.015522951671967123,0.0012251708013543388
1.1,-2.4979,0.017905000000000004,0.0009809306805274264,0.85,5.695126021374836,5.8,0.003341982649069043,0.014892732370446938,0.020154109103146117,0.0013519237366698242
1.1,-1.9825,0.030425000000000004,0.0013059000727467626,0.85,5.716922545174349,5.8,0.004196491792109132,0.026670639711877053,0.03630574256687829,0.0018035057138588776
1.1,-1.4984,0.066115,0.001929812167025589,0.85,5.737319960645979,5.8,0.005391286048926721,0.0614460182377989,0.08379851560763725,0.0026605813569256184
1.1,-0.971,0.15034999999999998,0.002882021859736668,0.85,5.759459590440239,5.8,0.006963784514451934,0.1444445180018861,0.19771647085320962,0.003972695829597104
1.1,-0.4756,0.24989500000000003,0.00368065551226952,0.85,5.780178659631022,5.8,0.008185968083127874,0.2425659697631189,0.33392710524613506,0.005084329679869317
1.1,0.0254,0.27690000000000003,0.0039175757810156015,0.85,5.801056677843229,5.8,0.008562402333777865,0.2682871595976014,0.3712955646788361,0.005420734852297532
1.1,0.532,0.23396,0.0035832038736304138,0.85,5.8220919351038205,5.8,0.007872895622739481,0.22519934286567633,0.31243446545706804,0.00495236072345628
1.1,1.0047,0.15680999999999998,0.002906337901896474,0.85,5.841651270141428,5.8,0.0066285264296857506,0.14906341030894477,0.20796087976977473,0.004025770981299641
1.1,1.5223,0.07198,0.0020042205467462903,0.85,5.8629936309755255,5.8,0.005235781389787384,0.06597084551056219,0.0920652682118493,0.0027669279714073063
1.1,2.0054,0.03078,0.0013334541611919022,0.85,5.882843584434443,5.8,0.0042688487849786095,0.026077700028993074,0.03657367194690442,0.0018438180533728284
1.1,2.5345,0.015115000000000002,0.0009183000598932791,0.85,5.904507052931712,5.8,0.0036286687639268613,0.011218802703902362,0.015777465860408384,0.0012685853715721437
1.1,3.0283,0.010334999999999999,0.000795,0.85,5.9246537373481,5.8,0.003301701655655203,0.00681585164912759,0.009627151005910026,0.0010992837386196443
1.1,3.5273,0.009479999999999999,0.0007735308655768043,0.85,5.944943221535781,5.8,0.003118701106627003,0.0061301677136534624,0.008703668820452393,0.0010714895286840424
1.1,4.0316,0.01041,0.0007855571271397135,0.85,5.965378093606374,5.8,0.003011454871949297,0.0071099488433847705,0.010118032496063465,0.0010869195133501172
1.1,4.4987,0.011255,0.0008019195720270207,0.85,5.984243325756985,5.8,0.0029479425488068,0.007960537679433657,0.011341689991118554,0.0011073500577470164
1.1,5.0134,0.01025,0.0007504665215717487,0.85,6.004962392486695,5.8,0.0029004493167845828,0.006999695948801562,0.01003205683195618,0.0010388667175971577
1.1,5.4901,0.009825,0.0007406922437828007,0.85,6.024088219912783,5.8,0.0028713759094296455,0.006588146912901306,0.009464838374459881,0.001024529326203925
1.1,6.0155,0.008285,0.0006734055241828655,0.85,6.045097855444113,5.8,0.0028522950806172944,0.00509679046755531,0.007348165748730063,0.0009315013678175706
1.1,6.5021,0.011134999999999999,0.0007553972464869063,0.85,6.064491040335067,5.8,0.0028417227769172394,0.00780764574724365,0.011292764824049586,0.001044934855630118
1.1,7.0385,0.009955,0.0007344215410784191,0.85,6.085797368674916,5.8,0.002832305690158109,0.00665519389324845,0.009646105777756426,0.0010144887123314727
1.1,7.5354,0.00941,0.0007269112738154499,0.85,6.105468377428019,5.8,0.00282383655972637,0.006115362962094994,0.008902476686551967,0.0010052614264213606
1.1,8.0372,0.009309999999999999,0.0007234638899074368,0.85,6.125269255066495,5.8,0.0028159125583834964,0.00599969990719681,0.008749016356662281,0.0009989629209313177
1.1,8.4978,0.00813,0.0006929285677470659,0.85,6.143388217521124,5.8,0.0028089736421866448,0.004866595332197134,0.007130470924785118,0.0009585206593620201
1.1,9.0093,0.008799999999999999,0.000682165669027693,0.85,6.163447051489542,5.8,0.002801149053803575,0.005479931252981079,0.008069147981056264,0.0009452501461543159
1.1,9.526,0.00716,0.0006249399971197234,0.85,6.183643743967778,5.8,0.002793887425430754,0.0039218940327929806,0.005785982442339405,0.0008647749685004951
1.1,10.0003,0.008155,0.0006703543838895962,0.85,6.202125217007733,5.8,0.0027885893824817465,0.004837667480294043,0.007163978653213874,0.0009283466761716789
1.1,10.5271,0.0063,0.0006253399075702749,0.85,6.222588053035909,5.8,0.0027834395763713868,0.0030887151747651075,0.004579439547781073,0.0008641866567906917
1.1,11.0107,0.006670000000000001,0.0006217716622683925,0.85,6.241313780805143,5.8,0.002777908922882614,0.003420465547405502,0.005087596858700364,0.0008594297266817598
1.1,11.4988,0.00779,0.0006670832032063167,0.85,6.260156957995594,5.8,0.002771321741594359,0.004446069180576158,0.006650032394443014,0.0009244221046674053
1.1,12.041,0.00688,0.0006462584622269947,0.85,6.281022398957919,5.8,0.002763355664314005,0.003589750162313909,0.00537494384261283,0.0008935391827093239
1.1,12.5387,0.006985,0.0006232776267442944,0.85,6.3001145202613404,5.8,0.0027541994912548195,0.00367631853658564,0.005529876929495408,0.0008631045762054488
1.1,13.0412,0.006294999999999999,0.0006323567031351846,0.85,6.319332254484376,5.8,0.002741114422177568,0.003036552984705614,0.004575298920698534,0.0008744954211799803
1.1,13.4974,0.0064150000000000006,0.0006079268048046573,0.85,6.336728805402344,5.8,0.0027263024631187494,0.0031453390640173618,0.004761763314105718,0.0008423925191514158
1.1,14.0089,0.0055899999999999995,0.0005787918451395113,0.85,6.356177524153457,5.8,0.002709328593402505,0.0023915358611846242,0.003632414863271596,0.000802182023346567
1.1,14.5253,0.00597,0.000571182982939793,0.85,6.375752373483278,5.8,0.0026945164855016477,0.002736371976228665,0.004169680481684686,0.0007917707524569218
1.1,15.0465,0.00583,0.0005829236656715868,0.85,6.395448422070485,5.8,0.002682690170323514,0.002604507500336917,0.003971038385622091,0.0008060224768188215
1.1,15.52,0.0058,0.0005836951259004995,0.85,6.413289458421595,5.8,0.0026745353892602347,0.0025708227406189207,0.003939046412306413,0.0008088205622203649
1.1,15.9975,0.005095,0.0005829879930152935,0.85,6.431231089037905,5.8,0.0026680844600327157,0.0019268367285978651,0.002957451408495697,0.0008069863532489271
1.1,16.4791,0.0049499999999999995,0.0005906775770248943,0.85,6.44927621604211,5.8,0.002661659895348585,0.0017900024367106218,0.002753713896845345,0.0008172081602863995
1.1,17.0191,0.004520000000000001,0.0005395368384086484,0.85,6.469449681506477,5.8,0.0026525098644501186,0.0013997668036783736,0.0021585808443812192,0.0007459236654306491
1.1,17.5096,0.005195,0.0006680381725620177,0.85,6.487719545479579,5.8,0.0026414537011216536,0.002002859264131946,0.003101855229439196,0.0009249287862426552
1.1,18.0044,0.005475,0.0005407633493497873,0.85,6.506097593134639,5.8,0.002626975893615204,0.002253830080385016,0.0035009906867038434,0.0007488321017807893
1.1,18.4479,0.0055249999999999995,0.0006199395131785035,0.85,6.522526229327622,5.8,0.002611414614927482,0.0023015591123247228,0.003586062653617815,0.0008589289023356026
1.1,19.0071,0.004580000000000001,0.0005378661543544081,0.85,6.543181963758389,5.8,0.0025914719621944566,0.0014683264886408767,0.0022925864333116826,0.0007444170247933106
1.1,19.515,0.004625000000000001,0.0005603347213942752,0.85,6.561886431485938,5.8,0.0025768637694992933,0.001511137490517254,0.0023645821267097495,0.0007749920378923481
1.1,20.0274,0.00396,0.0005188930525647843,0.85,6.580702748504517,5.8,0.002565937536271688,0.0009242672150703386,0.0014523423042465257,0.0007186294565624737
1.1,20.5444,0.004314999999999999,0.000527185925457044,0.85,6.599633614553483,5.8,0.002554571282409328,0.0012376089296573796,0.0019525024329744723,0.0007309372993868949
1.1,21.0078,0.004580000000000001,0.0005378661543544081,0.85,6.616555790585966,5.8,0.0025397618821695186,0.0014750157212771653,0.0023278854419253336,0.0007441066515636854
1.1,21.5335,0.00403,0.0005481788029466298,0.85,6.635700755527811,5.8,0.002515481337072034,0.0010069800970920213,0.0015977574369458944,0.0007602446976206901
1.1,22.0047,0.0042650000000000006,0.0005484295761535842,0.85,6.65281411480835,5.8,0.002488645264175482,0.001229630877786529,0.0019601855443398958,0.0007621946463309051
1.1,22.5393,0.00353,0.0005120058593414728,0.85,6.6721769282763805,5.8,0.0024573031882536185,0.0006112605234237689,0.00097487013392826,0.0007098323483728624
1.1,23.0185,0.00451,0.0005556527692723216,0.85,6.689485560298441,5.8,0.002433302774263913,0.001477012864242825,0.002359570273497832,0.0007696395807997059
1.1,23.5016,0.004335,0.0005304007918546125,0.85,6.70688984429469,5.8,0.0024154605210657326,0.0013333709915597878,0.0021363143905207874,0.0007348947542674439
1.1,23.9885,0.002855,0.0004984225115301274,0.85,6.7243854489674515,5.8,0.002405044774214139,5.748509199730509e-05,9.233583057424788e-05,0.0006905387788802407
1.1,24.541,0.0036599999999999996,0.0005042320894191484,0.85,6.7441832643063115,5.8,0.002405044774214139,0.0007425565242780742,0.0011962482379117467,0.0006985876505272664
1.1,25.0364,0.0034000000000000002,0.0004960342730094364,0.85,6.761885718192018,5.8,0.002405044774214139,0.0005113014673299586,0.0008258616418559223,0.0006872299971266038
1.1,25.473,0.003275,0.0005451375973091565,0.85,6.777448701406239,5.8,0.002405044774214139,0.00039763228567401155,0.0006437397223287217,0.0007552601298282637
1.1,26.0391,0.003045,0.0005125670687822229,0.85,6.7975747723250475,5.8,0.002405044774214139,0.0001930877350306572,0.0003135242309997486,0.0007101353361518583
1.1,26.5465,0.004285000000000001,0.0005957138574852863,0.85,6.815563425249232,5.8,0.002405044774214139,0.0012414622640636508,0.0020211461395699625,0.0008253309395016405
1.1,26.994,0.00452,0.0005959446283003145,0.85,6.831389156638491,5.8,0.002405044774214139,0.0014325348745055158,0.0023376347745889996,0.0008256506606079797
1.1,27.5093,0.0021800000000000005,0.0006409368143584826,0.85,6.84956732469254,5.8,0.002405044774214139,-0.0005590887596760147,-0.0009147582381513463,0.0008879850225218918
1.1,28.0288,0.0038150000000000002,0.0007455031857745478,0.85,6.867844950985013,5.8,0.002405044774214139,0.0008167810179983744,0.0013399498603123745,0.0010328563571008933
1.1,28.5525,0.002100000000000002,0.0010703737664946764,0.85,6.886221243560345,5.8,0.002405044774214139,-0.0006362953296054359,-0.0010466515886801036,0.0014829478536023154
1.5,-25.9863,0.0011799999999999998,0.000327566787083184,0.85,4.593305957176522,5.8,0.0006929259057998626,0.0007970684607428278,0.000869152413944572,0.0004510272647727379
1.5,-25.4967,0.001135,0.0002657536453183662,0.85,4.618955615327878,5.8,0.000717318784910569,0.0007078951699831507,0.0007740937982280499,0.0003649119400651723
1.5,-24.9984,0.0011,0.00032511536414017717,0.85,4.644915622625549,5.8,0.0007439799752869644,0.0006295648893221566,0.0006926789024076211,0.0004466621155700386
1.5,-24.4912,0.0009199999999999999,0.0002715695122800054,0.85,4.671191136670346,5.8,0.0007732121197103693,0.00036910893799816497,0.0004084472253533434,0.00037313222347813805
1.5,-23.9948,0.0014449999999999999,0.00032661138988100214,0.85,4.69676482484375,5.8,0.0008036470744607856,0.0009807726937312094,0.0010915141707963203,0.0004488709678894402
1.5,-23.4898,0.000995,0.00036725331856907704,0.85,4.7226394682585715,5.8,0.0008355228868341453,0.00038646325858042354,0.00043259344572025866,0.0005048712655322609
1.5,-22.9966,0.0017949999999999997,0.00038668462601970617,0.85,4.747773409058272,5.8,0.0008660272890137703,0.00132679008094261,0.0014956056788386974,0.0005324879750999411
1.5,-22.4951,0.00121,0.0003261901286060018,0.85,4.773194621705414,5.8,0.0008956103742309105,0.0005746837487211805,0.0006479949464599878,0.00044692265268227453
1.5,-21.9851,0.0016699999999999998,0.0002930870177950569,0.85,4.798908597811808,5.8,0.0009253344879624305,0.0010930411077754406,0.0012420766074023252,0.0004025260433308031
1.5,-21.4881,0.00117,0.00029368350311176827,0.85,4.8238352467180405,5.8,0.0009557791011860336,0.00045098536172072596,0.0005151125437055766,0.00040332464390610453
1.5,-20.9829,0.0011799999999999998,0.000327566787083184,0.85,4.84904183720782,5.8,0.0009892213201108345,0.00042219153829851225,0.0004856902788399272,0.000450735546846432
1.5,-20.4919,0.00178,0.00033458930048643217,0.85,4.873415000681386,5.8,0.001024697937011937,0.001093734414543703,0.0012657179434424454,0.0004608204102275396
1.5,-19.993,0.0013650000000000001,0.00036114401559488696,0.85,4.898056094672004,5.8,0.0010646030227236987,0.000551752496073225,0.0006389211542739662,0.000495207966629086
1.5,-19.4861,0.0015249999999999999,0.0003080990100600779,0.85,4.922965997666207,5.8,0.0011089832649181764,0.0006876978424047427,0.0008023728933829476,0.0004235162192291501
1.5,-18.9946,0.00141,0.00043869123538087696,0.85,4.946999348562041,5.8,0.0011539768738606808,0.0004991464487403465,0.0005856605484461274,0.0006034802788706261
1.5,-18.4955,0.00187,0.000348209706929603,0.85,4.97128542900213,5.8,0.001199904637027434,0.0009818248482129823,0.0011570390159632506,0.00047875591514290333
1.5,-17.9887,0.00194,0.00035658098659350866,0.85,4.995825383468556,5.8,0.0012459110412978145,0.001006369440168461,0.0011920953177787985,0.0004903796816705512
1.5,-17.4987,0.002125,0.0004045058714036176,0.85,5.0194377843281615,5.8,0.0012894423299507996,0.0011660119518975551,0.0013901089926793453,0.0005572416872661163
1.5,-17.0013,0.001775,0.00038226299847094803,0.85,5.043293713097151,5.8,0.0013333806861575135,0.0007079440087069682,0.0008461947043725072,0.0005254693467991154
1.5,-16.4965,0.0020599999999999998,0.0003858756276314947,0.85,5.0673897303819935,5.8,0.001379924001078574,0.0009778974090972968,0.0011749837524528842,0.0005306761885732396
1.5,-15.984,0.0022549999999999996,0.0003592005011132362,0.85,5.091736645405059,5.8,0.0014308053521449376,0.0011378663822431499,0.0013776619696392448,0.0004953936069629792
1.5,-15.49,0.0017949999999999997,0.00038668462601970617,0.85,5.115095009846997,5.8,0.0014823372665464611,0.0005530110466242485,0.0006714602740442979,0.0005323750709862633
1.5,-14.9889,0.00208,0.00039025632602175713,0.85,5.138680615117221,5.8,0.0015353749685723449,0.0008123093697983907,0.0009928329031098778,0.0005383702068424675
1.5,-14.4804,0.00184,0.0004010610926031095,0.85,5.1625043695664745,5.8,0.0015900684882410865,0.000477145258426636,0.0005859174430476897,0.0005533041261049159
1.5,-13.9919,0.0027349999999999996,0.00044869254506844653,0.85,5.18528801924852,5.8,0.0016445503194838316,0.0014146818660985905,0.0017401730289572338,0.0006173587523474871
1.5,-13.4965,0.0029449999999999997,0.00045499999999999995,0.85,5.208291697466846,5.8,0.0017022708215011413,0.0015773073957303693,0.0019516154562361889,0.0006269342552140913
1.5,-12.9943,0.00343,0.00046882832678924174,0.85,5.231507889097391,5.8,0.001763906518810547,0.0020388211883309547,0.002535429291835104,0.0006463791187743637
1.5,-12.485,0.002635,0.0004430857704779065,0.85,5.25494755371482,5.8,0.0018310252651326077,0.0010772815911739148,0.001348008638435413,0.0006119428254127616
1.5,-11.9974,0.00278,0.0004611398920067532,0.85,5.27729096316896,5.8,0.0019000940299371658,0.0011552614758577428,0.0014537665704777466,0.0006377699228718787
1.5,-11.5033,0.003725,0.0004935838327984417,0.85,5.299836135737582,5.8,0.001973343511416684,0.002103197620546675,0.002650337390055946,0.0006806871614527092
1.5,-11.0025,0.00345,0.0004724404724407087,0.85,5.322589574982941,5.8,0.0020480690002055804,0.0017113792379321742,0.002164065346328922,0.0006509928541345525
1.5,-10.495,0.0035649999999999996,0.0004903315205042401,0.85,5.345548621431332,5.8,0.0021214430638646915,0.0017466351193739624,0.0022213174848239163,0.0006766030773263314
1.5,-9.9807,0.003655,0.0004461221805738872,0.85,5.368715132031321,5.8,0.00219208481696436,0.0017565322131180487,0.0022465345376269734,0.0006164082323350997
1.5,-9.4902,0.00421,0.0005063595560468865,0.85,5.390716825075825,5.8,0.00225785490555264,0.002271783877626541,0.002913447421823333,0.0006986837730598058
1.5,-8.9934,0.0036100000000000004,0.0005499545435761031,0.85,5.412909949485062,5.8,0.002327061381066375,0.0015410982955955028,0.001986792185171713,0.0007597069313691893
1.5,-8.4901,0.005155,0.0005698464705514986,0.85,5.43530103972051,5.8,0.0024028158628241927,0.003098075399959928,0.004009910353306698,0.0007870547306360155
1.5,-7.9804,0.004974999999999999,0.0005973483071039877,0.85,5.457883237986026,5.8,0.0024852873300466485,0.0028015608383373217,0.0036456240620555353,0.0008260440634501768
1.5,-7.4965,0.00551,0.00061,0.85,5.479236247739681,5.8,0.002568380402151462,0.003264184312170438,0.00425808461489421,0.0008423205890618009
1.5,-6.9738,0.006445,0.0006071861329114821,0.85,5.502208282298462,5.8,0.0026641189631491182,0.004129698733694714,0.005408150974847767,0.0008381914918220598
1.5,-6.4775,0.0073349999999999995,0.0006567533783696891,0.85,5.523931652749835,5.8,0.0027619146984325326,0.004939665023109085,0.0065089117658544415,0.0009086421901254755
1.5,-5.9751,0.009535,0.0007357479187874064,0.85,5.545835357841605,5.8,0.002870749244476252,0.007101238099468896,0.009383168874746871,0.0010167297273440824
1.5,-5.5006,0.009555,0.0007638226233884408,0.85,5.566443532064787,5.8,0.002988349917915629,0.006967558137338308,0.009224445417217595,0.0010536645470250058
1.5,-4.986,0.010945,0.0007538733315352121,0.85,5.588707407518683,5.8,0.003139629486453042,0.008219168777810495,0.010930632182294394,0.0010404767560545478
1.5,-4.5,0.011755,0.0008091507894082536,0.85,5.609652788766719,5.8,0.0033102778869345804,0.008843593763825668,0.011824582506433435,0.001118609505829322
1.5,-3.9729,0.01578,0.0009423375191511797,0.85,5.632281426494318,5.8,0.003539528475614085,0.012710369757359502,0.01705552758324269,0.0013021382692812477
1.5,-3.4749,0.019255000000000005,0.0010147536646891206,0.85,5.653577579356471,5.8,0.003834924800561527,0.015918761857561966,0.02148191331931078,0.0014048467141003745
1.5,-2.9711,0.02765,0.001207704434040051,0.85,5.675040442814105,5.8,0.00429359198866417,0.02396523746215763,0.03240360666398806,0.0016689038198606757
1.5,-2.4979,0.038805000000000006,0.0014391924819147717,0.85,5.695126021374836,5.8,0.004997277862606507,0.03452230417215013,0.04689108260052102,0.001990829289564007
1.5,-1.9825,0.080475,0.0020883785576374797,0.85,5.716922545174349,5.8,0.0062604092491390885,0.07538404129427219,0.10274245783921801,0.0028876559343469508
1.5,-1.4984,0.21800999999999998,0.003392167448697072,0.85,5.737319960645979,5.8,0.008016717806361616,0.21237503455768666,0.2904018822521147,0.004689128884766136
1.5,-0.971,0.49187,0.005068663531938178,0.85,5.759459590440239,5.8,0.010307638937546456,0.48502459756868027,0.6666677670089854,0.007015932703300804
1.5,-0.4756,0.800675,0.006486746102631118,0.85,5.780178659631022,5.8,0.01207885995544372,0.7913418080652995,1.090404497295311,0.008968858122599958
1.5,0.0254,0.901035,0.006869776197227971,0.85,5.801056677843229,5.8,0.012638557467039707,0.888232316620502,1.2316716332950126,0.009524273167230757
1.5,0.532,0.7735500000000001,0.006365964184630637,0.85,5.8220919351038205,5.8,0.011681024881594783,0.7589337386793304,1.0544228075888844,0.008810976782227028
1.5,1.0047,0.504935,0.00513511684385078,0.85,5.841651270141428,5.8,0.009919807119170827,0.4914149806948743,0.6861556136295508,0.007118966106545984
1.5,1.5223,0.239065,0.0035300247874483826,0.85,5.8629936309755255,5.8,0.007917401715389622,0.22857901756680082,0.31971889333140735,0.004884479209347687
1.5,2.0054,0.0901,0.0021844564541322405,0.85,5.882843584434443,5.8,0.0064960500985487635,0.08233514054923709,0.1155440050985241,0.003022360537945947
1.5,2.5345,0.03168000000000001,0.0012874975728132461,0.85,5.904507052931712,5.8,0.0055234657904881905,0.025595812813602434,0.03606563115491436,0.0017820315068418132
1.5,3.0283,0.018885000000000002,0.0010044028076424318,0.85,5.9246537373481,5.8,0.005002579874282183,0.013485082840843416,0.0190580462675961,0.0013896252489553295
1.5,3.5273,0.016579999999999998,0.0009892926766129424,0.85,5.944943221535781,5.8,0.004693003635317052,0.011482760609435068,0.016281359448666977,0.0013685145847627434
1.5,4.0316,0.01486,0.0008882004278314664,0.85,5.965378093606374,5.8,0.004500470845512682,0.009947565581947858,0.014170658885253951,0.0012301957700303471
1.5,4.4987,0.014545,0.0009013184786744363,0.85,5.984243325756985,5.8,0.004385825731020163,0.009711361734084899,0.013866559070340522,0.0012473421529855097
1.5,5.0134,0.01395,0.0008795169128561428,0.85,6.004962392486695,5.8,0.004309163039902941,0.009164693199602104,0.01311851040619561,0.00121598576283183
1.5,5.5336,0.01157,0.0008105245215291143,0.85,6.02583047432664,5.8,0.004270086962560187,0.006866303330181794,0.009867067795926726,0.0011210948812577664
1.5,6.0155,0.01103,0.000790664277680483,0.85,6.045097855444113,5.8,0.00425349817416329,0.006329291638310314,0.00912580816802302,0.0010937876207972152
1.5,6.5021,0.010995000000000001,0.0007967904366895978,0.85,6.064491040335067,5.8,0.004240816340560322,0.006274658012663656,0.009088383318605502,0.0011037591660085784
1.5,7.0385,0.01152,0.0007931582439841371,0.85,6.085797368674916,5.8,0.004221176278241405,0.006757828764535448,0.009826452250304854,0.0010991574633113911
1.5,7.5354,0.009615,0.0007015874856352556,0.85,6.105468377428019,5.8,0.00419889035502822,0.004935052620775438,0.007206562234059388,0.0009732562355108071
1.5,8.0372,0.010575,0.0007733854149129009,0.85,6.125269255066495,5.8,0.004179115901608993,0.00583432145859635,0.00854821508515585,0.0010729608452356252
1.5,8.4978,0.00906,0.0007413501197140256,0.85,6.143388217521124,5.8,0.004167584662310161,0.00438600142722453,0.006456609883272804,0.0010303367085996039
1.5,9.0093,0.009235,0.0007077958745288079,0.85,6.163447051489542,5.8,0.004163590360711403,0.004526838802147268,0.00667116709238537,0.0009815651709153001
1.5,9.526,0.00846,0.0006847627326307997,0.85,6.183643743967778,5.8,0.004168266799039738,0.0037668604546715464,0.0055605913304409465,0.0009481239028453645
1.5,10.0003,0.008555,0.0007127937990751603,0.85,6.202125217007733,5.8,0.004176931116707445,0.0038233910734883697,0.005672142709323094,0.0009888941403683228
1.5,10.5271,0.00855,0.0006729413050184986,0.85,6.222588053035909,5.8,0.0041840463289180355,0.003785306547624349,0.005640457121381508,0.000934646480365006
1.5,11.0107,0.0078,0.0006826785480736889,0.85,6.241313780805143,5.8,0.004183722032499976,0.0030647518607904746,0.004574295119805859,0.0009468846923708814
1.5,11.4988,0.007565,0.0006442631449958937,0.85,6.260156957995594,5.8,0.004177602082309951,0.0028313276129686054,0.004242613712815001,0.000894436320765623
1.5,12.041,0.007180000000000001,0.000647533782902483,0.85,6.281022398957919,5.8,0.004166686901149486,0.0024634438888488323,0.0037084389634545628,0.0009001368544718646
1.5,12.4887,0.006745,0.0006300991985394046,0.85,6.298199100243055,5.8,0.004154185716850469,0.0020572724122661975,0.0031014954869180186,0.0008747820972992962
1.5,13.0412,0.007594999999999999,0.0007001606958406048,0.85,6.319332254484376,5.8,0.004133460794442497,0.0028373706519876484,0.004292073925476236,0.0009720881573069586
1.5,13.4974,0.006295,0.0005909103146840474,0.85,6.336728805402344,5.8,0.0041138919674463485,0.0016479137088314093,0.0024988211815592264,0.0008201346400482335
1.5,14.0089,0.006245,0.0006303768714031313,0.85,6.356177524153457,5.8,0.004092440625164321,0.0016061100937796195,0.0024430618568871574,0.0008749664436375546
1.5,14.5253,0.0073,0.0006447480127925948,0.85,6.375752373483278,5.8,0.004071506497881361,0.002569278388321535,0.003922977299376621,0.0008955527994834573
1.5,15.0465,0.005725,0.0005963430220938282,0.85,6.395448422070485,5.8,0.004049586916513705,0.0011423867823766838,0.0017481864905584041,0.0008276138022707425
1.5,15.52,0.00461,0.0005493177586788907,0.85,6.413289458421595,5.8,0.004029666675366875,0.0001394886657956956,0.00021407569162217133,0.0007624286834140291
1.5,15.9975,0.00545,0.0005685068161420759,0.85,6.431231089037905,5.8,0.004011425185114858,0.0009036524356970492,0.0013890649057733907,0.0007881169540227316
1.5,16.5329,0.005995,0.0005883663824522949,0.85,6.451288920334586,5.8,0.003993796525945973,0.0013959791342947492,0.0021572591120338274,0.00081743407410343
1.5,17.0191,0.005715,0.000589851676271247,0.85,6.469449681506477,5.8,0.00397817048557181,0.0011454492397278207,0.0017730364912217813,0.0008185501602687676
1.5,17.5096,0.004685,0.0005693636799094231,0.85,6.487719545479579,5.8,0.003958727201413664,0.0002296474361634512,0.00035758391706233614,0.0007925780887197197
1.5,18.0044,0.004405,0.000559084072389833,0.85,6.506097593134639,5.8,0.00393382240732867,-6.890842859086192e-06,-1.0738087208809936e-05,0.0007766746322607119
1.5,18.5036,0.005245,0.0005555852769827509,0.85,6.5245866087785345,5.8,0.003908313224624078,0.0007542043912919898,0.0011793778122161961,0.0007723063717555966
1.5,19.0071,0.0038699999999999997,0.0005573598478541489,0.85,6.543181963758389,5.8,0.0038886241492666735,-0.0004581831001983904,-0.0007187695478096757,0.0007750420699829384
1.5,19.515,0.004464999999999999,0.0006325938665526247,0.85,6.561886431485938,5.8,0.00387366500467506,7.291350904902252e-05,0.00011477935935354016,0.000880197351462315
1.5,20.0274,0.00291,0.0005411099703387473,0.85,6.580702748504517,5.8,0.0038562300396734234,-0.0012914583663387524,-0.0020359416884372164,0.0007518413037459914
1.5,20.5444,0.00422,0.0005832237992400515,0.85,6.599633614553483,5.8,0.0038317284580154996,-0.00012303772918085144,-0.0001947441375287736,0.0008112776113479931
1.5,21.0078,0.00417,0.0005114684741017769,0.85,6.616555790585966,5.8,0.003804201972046406,-0.00014882585711787624,-0.00023620097579157717,0.0007115709007922127
1.5,21.5335,0.004235,0.0005492494879378588,0.85,6.635700755527811,5.8,0.003767960944674133,-6.631722911959849e-05,-0.00010537039755141602,0.0007627866927747053
1.5,22.0047,0.0036100000000000004,0.0005499545435761031,0.85,6.65281411480835,5.8,0.0037321353408055493,-0.0005848957458505998,-0.0009335554770376938,0.0007652636195346344
1.5,22.5393,0.004325,0.0005344389581607988,0.85,6.6721769282763805,5.8,0.003690404097527518,6.923841040582445e-05,0.0001106999544139589,0.0007427777767020141
1.5,23.0185,0.0038199999999999996,0.0005317894320123332,0.85,6.689485560298441,5.8,0.003655003831456297,-0.00034294047467232,-0.000550045317342431,0.0007395281375199864
1.5,23.5016,0.00339,0.000500349877585675,0.85,6.70688984429469,5.8,0.0036224848210851678,-0.0006908726347413358,-0.001109268306271567,0.0006947350850232777
1.5,24.0497,0.003945000000000001,0.0005069763308084511,0.85,6.726581307492101,5.8,0.00358787794341245,-0.00018629860406587468,-0.00030067394182534216,0.0007055169820654105
1.5,24.541,0.0042699999999999995,0.0005403239768879408,0.85,6.7441832643063115,5.8,0.003556087729095547,0.00011611378581203495,0.00018780969790396524,0.0007516005671492562
1.5,25.0364,0.0038050000000000002,0.00048153400710645555,0.85,6.761885718192018,5.8,0.00352119590767986,-0.00025746136383418636,-0.00041709639682379945,0.000669131543073281
1.5,25.473,0.003495,0.0005097793640389929,0.85,6.777448701406239,5.8,0.0034877669337329623,-0.0004968184377607226,-0.0008071200120393129,0.0007087358745581391
1.5,26.0391,0.0034150000000000005,0.0005082076347321043,0.85,6.7975747723250475,5.8,0.003441631108205376,-0.000527797768608995,-0.0008602033731656999,0.0007067222696355438
1.5,26.5465,0.003765,0.0005004248195283683,0.85,6.815563425249232,5.8,0.0033986448344324504,-0.00019465440290015752,-0.000317681684919391,0.0006950131425544971
1.5,26.994,0.0033900000000000002,0.0005135172830587107,0.85,6.831389156638491,5.8,0.0033600680520192304,-0.0004818833154794891,-0.0007914131889359919,0.0007160369371653276
1.5,27.5093,0.00348,0.000484045452411238,0.85,6.84956732469254,5.8,0.003315660846226675,-0.0003689053734777436,-0.0006061092481907842,0.0006734214237012447
1.5,28.0288,0.00366,0.0005287721626560914,0.85,6.867844950985013,5.8,0.0032721329784028206,-0.00018120705455018649,-0.00029804920716872623,0.0007344952050181231
1.5,28.5525,0.0033799999999999998,0.0004661544808322666,0.85,6.886221243560345,5.8,0.00323097793449141,-0.00038413359031169107,-0.0006337346376736804,0.0006477419796662389
1.5,29.0144,0.003035,0.000505,0.85,6.902388410325158,5.8,0.003196356968553478,-0.0006460803174064647,-0.0010686618760533655,0.0007018976417960559
1.5,29.5463,0.00345,0.0004985478913805574,0.85,6.920958893510913,5.8,0.0031533537401068302,-0.00026213587450711357,-0.00043453849494769307,0.0006925807288921831
1.5,30.0153,0.00309,0.0004986983055916673,0.85,6.937292077476341,5.8,0.0031085042134658255,-0.0005250754346504912,-0.0008737913497704953,0.0006938441754441855
